FLUKE 54-II,   V1.5,   
Start Time,Stop Time,Elapsed Time,Interval,Total readings,Thermocouple Type,Scaling
1/24/2021 1:00:08 PM,1/24/2021 9:18:08 PM,8:18:00,0:01:00,499,K,(none)
,Max Time Stamp,Max,,Average,,Min,,Min Time Stamp,Offset
T1,1/24/2021 1:42:08 PM,69.2,°F,68.8,°F,68.5,°F,1/24/2021 6:08:08 PM,0.0 °F
T2,1/24/2021 1:00:08 PM,69.3,°F,68.4,°F,68,°F,1/24/2021 6:06:08 PM,0.0 °F
T1-T2,1/24/2021 2:42:08 PM,0.7,°F,0.4,°F,-0.4,°F,1/24/2021 1:00:08 PM,
Reading,T1,,T2,,T1-T2,,Time Stamp
1,68.9,°F,69.3,°F,-0.4,°F,1/24/2021 1:00:08 PM
2,68.8,°F,68.7,°F,0.1,°F,1/24/2021 1:01:08 PM
3,68.8,°F,68.5,°F,0.3,°F,1/24/2021 1:02:08 PM
4,68.8,°F,68.3,°F,0.5,°F,1/24/2021 1:03:08 PM
5,68.8,°F,68.2,°F,0.6,°F,1/24/2021 1:04:08 PM
6,68.8,°F,68.2,°F,0.6,°F,1/24/2021 1:05:08 PM
7,68.8,°F,68.2,°F,0.6,°F,1/24/2021 1:06:08 PM
8,68.8,°F,68.3,°F,0.5,°F,1/24/2021 1:07:08 PM
9,68.8,°F,68.3,°F,0.5,°F,1/24/2021 1:08:08 PM
10,68.8,°F,68.2,°F,0.6,°F,1/24/2021 1:09:08 PM
11,68.8,°F,68.2,°F,0.6,°F,1/24/2021 1:10:08 PM
12,68.8,°F,68.2,°F,0.6,°F,1/24/2021 1:11:08 PM
13,68.8,°F,68.3,°F,0.5,°F,1/24/2021 1:12:08 PM
14,68.8,°F,68.3,°F,0.5,°F,1/24/2021 1:13:08 PM
15,68.8,°F,68.3,°F,0.5,°F,1/24/2021 1:14:08 PM
16,68.8,°F,68.4,°F,0.4,°F,1/24/2021 1:15:08 PM
17,68.8,°F,68.3,°F,0.5,°F,1/24/2021 1:16:08 PM
18,68.8,°F,68.3,°F,0.5,°F,1/24/2021 1:17:08 PM
19,68.8,°F,68.4,°F,0.4,°F,1/24/2021 1:18:08 PM
20,68.8,°F,68.7,°F,0.1,°F,1/24/2021 1:19:08 PM
21,68.8,°F,68.7,°F,0.1,°F,1/24/2021 1:20:08 PM
22,68.8,°F,68.7,°F,0.1,°F,1/24/2021 1:21:08 PM
23,68.8,°F,68.9,°F,-0.1,°F,1/24/2021 1:22:08 PM
24,68.9,°F,69,°F,-0.1,°F,1/24/2021 1:23:08 PM
25,68.9,°F,68.9,°F,0,°F,1/24/2021 1:24:08 PM
26,68.9,°F,68.9,°F,0,°F,1/24/2021 1:25:08 PM
27,68.9,°F,68.9,°F,0,°F,1/24/2021 1:26:08 PM
28,68.9,°F,68.9,°F,0,°F,1/24/2021 1:27:08 PM
29,68.9,°F,68.8,°F,0.1,°F,1/24/2021 1:28:08 PM
30,69,°F,68.8,°F,0.2,°F,1/24/2021 1:29:08 PM
31,69,°F,68.7,°F,0.3,°F,1/24/2021 1:30:08 PM
32,69.1,°F,68.8,°F,0.3,°F,1/24/2021 1:31:08 PM
33,69.1,°F,68.7,°F,0.4,°F,1/24/2021 1:32:08 PM
34,69.1,°F,68.7,°F,0.4,°F,1/24/2021 1:33:08 PM
35,69.1,°F,68.7,°F,0.4,°F,1/24/2021 1:34:08 PM
36,69.1,°F,68.7,°F,0.4,°F,1/24/2021 1:35:08 PM
37,69.1,°F,68.7,°F,0.4,°F,1/24/2021 1:36:08 PM
38,69.1,°F,68.8,°F,0.3,°F,1/24/2021 1:37:08 PM
39,69.1,°F,68.7,°F,0.4,°F,1/24/2021 1:38:08 PM
40,69.1,°F,68.7,°F,0.4,°F,1/24/2021 1:39:08 PM
41,69.1,°F,68.7,°F,0.4,°F,1/24/2021 1:40:08 PM
42,69.1,°F,68.7,°F,0.4,°F,1/24/2021 1:41:08 PM
43,69.2,°F,68.7,°F,0.5,°F,1/24/2021 1:42:08 PM
44,69.2,°F,68.7,°F,0.5,°F,1/24/2021 1:43:08 PM
45,69.2,°F,68.7,°F,0.5,°F,1/24/2021 1:44:08 PM
46,69.2,°F,68.7,°F,0.5,°F,1/24/2021 1:45:08 PM
47,69.1,°F,68.7,°F,0.4,°F,1/24/2021 1:46:08 PM
48,69.2,°F,68.7,°F,0.5,°F,1/24/2021 1:47:08 PM
49,69.2,°F,68.7,°F,0.5,°F,1/24/2021 1:48:08 PM
50,69.2,°F,68.6,°F,0.6,°F,1/24/2021 1:49:08 PM
51,69.2,°F,68.6,°F,0.6,°F,1/24/2021 1:50:08 PM
52,69.1,°F,68.7,°F,0.4,°F,1/24/2021 1:51:08 PM
53,69.1,°F,68.6,°F,0.5,°F,1/24/2021 1:52:08 PM
54,69.1,°F,68.6,°F,0.5,°F,1/24/2021 1:53:08 PM
55,69.1,°F,68.7,°F,0.4,°F,1/24/2021 1:54:08 PM
56,69.1,°F,68.7,°F,0.4,°F,1/24/2021 1:55:08 PM
57,69.1,°F,68.7,°F,0.4,°F,1/24/2021 1:56:08 PM
58,69.1,°F,68.7,°F,0.4,°F,1/24/2021 1:57:08 PM
59,69.1,°F,68.6,°F,0.5,°F,1/24/2021 1:58:08 PM
60,69.1,°F,68.6,°F,0.5,°F,1/24/2021 1:59:08 PM
61,69.1,°F,68.6,°F,0.5,°F,1/24/2021 2:00:08 PM
62,69.1,°F,68.7,°F,0.4,°F,1/24/2021 2:01:08 PM
63,69.1,°F,68.7,°F,0.4,°F,1/24/2021 2:02:08 PM
64,69.1,°F,68.6,°F,0.5,°F,1/24/2021 2:03:08 PM
65,69.1,°F,68.6,°F,0.5,°F,1/24/2021 2:04:08 PM
66,69.1,°F,68.7,°F,0.4,°F,1/24/2021 2:05:08 PM
67,69.1,°F,68.7,°F,0.4,°F,1/24/2021 2:06:08 PM
68,69.1,°F,68.8,°F,0.3,°F,1/24/2021 2:07:08 PM
69,69.1,°F,68.7,°F,0.4,°F,1/24/2021 2:08:08 PM
70,69.1,°F,68.7,°F,0.4,°F,1/24/2021 2:09:08 PM
71,69.1,°F,68.7,°F,0.4,°F,1/24/2021 2:10:08 PM
72,69.1,°F,68.7,°F,0.4,°F,1/24/2021 2:11:08 PM
73,69.1,°F,68.7,°F,0.4,°F,1/24/2021 2:12:08 PM
74,69.1,°F,68.7,°F,0.4,°F,1/24/2021 2:13:08 PM
75,69.2,°F,68.7,°F,0.5,°F,1/24/2021 2:14:08 PM
76,69.2,°F,68.7,°F,0.5,°F,1/24/2021 2:15:08 PM
77,69.2,°F,68.7,°F,0.5,°F,1/24/2021 2:16:08 PM
78,69.2,°F,68.7,°F,0.5,°F,1/24/2021 2:17:08 PM
79,69.2,°F,68.7,°F,0.5,°F,1/24/2021 2:18:08 PM
80,69.2,°F,68.9,°F,0.3,°F,1/24/2021 2:19:08 PM
81,69.2,°F,68.8,°F,0.4,°F,1/24/2021 2:20:08 PM
82,69.2,°F,68.7,°F,0.5,°F,1/24/2021 2:21:08 PM
83,69.2,°F,68.7,°F,0.5,°F,1/24/2021 2:22:08 PM
84,69.2,°F,68.6,°F,0.6,°F,1/24/2021 2:23:08 PM
85,69.2,°F,68.7,°F,0.5,°F,1/24/2021 2:24:08 PM
86,69.2,°F,68.7,°F,0.5,°F,1/24/2021 2:25:08 PM
87,69.1,°F,68.7,°F,0.4,°F,1/24/2021 2:26:08 PM
88,69.2,°F,68.8,°F,0.4,°F,1/24/2021 2:27:08 PM
89,69.2,°F,68.7,°F,0.5,°F,1/24/2021 2:28:08 PM
90,69.2,°F,68.7,°F,0.5,°F,1/24/2021 2:29:08 PM
91,69.2,°F,68.7,°F,0.5,°F,1/24/2021 2:30:08 PM
92,69.2,°F,68.7,°F,0.5,°F,1/24/2021 2:31:08 PM
93,69.2,°F,68.7,°F,0.5,°F,1/24/2021 2:32:08 PM
94,69.2,°F,68.7,°F,0.5,°F,1/24/2021 2:33:08 PM
95,69.2,°F,68.7,°F,0.5,°F,1/24/2021 2:34:08 PM
96,69.2,°F,68.6,°F,0.6,°F,1/24/2021 2:35:08 PM
97,69.2,°F,68.7,°F,0.5,°F,1/24/2021 2:36:08 PM
98,69.2,°F,68.7,°F,0.5,°F,1/24/2021 2:37:08 PM
99,69.2,°F,68.7,°F,0.5,°F,1/24/2021 2:38:08 PM
100,69.2,°F,68.7,°F,0.5,°F,1/24/2021 2:39:08 PM
101,69.2,°F,68.6,°F,0.6,°F,1/24/2021 2:40:08 PM
102,69.2,°F,68.6,°F,0.6,°F,1/24/2021 2:41:08 PM
103,69.2,°F,68.5,°F,0.7,°F,1/24/2021 2:42:08 PM
104,69.2,°F,68.6,°F,0.6,°F,1/24/2021 2:43:08 PM
105,69.2,°F,68.5,°F,0.7,°F,1/24/2021 2:44:08 PM
106,69.2,°F,68.6,°F,0.6,°F,1/24/2021 2:45:08 PM
107,69.2,°F,68.6,°F,0.6,°F,1/24/2021 2:46:08 PM
108,69.2,°F,68.6,°F,0.6,°F,1/24/2021 2:47:08 PM
109,69.2,°F,68.6,°F,0.6,°F,1/24/2021 2:48:08 PM
110,69.2,°F,68.5,°F,0.7,°F,1/24/2021 2:49:08 PM
111,69.1,°F,68.6,°F,0.5,°F,1/24/2021 2:50:08 PM
112,69.1,°F,68.5,°F,0.6,°F,1/24/2021 2:51:08 PM
113,69.1,°F,68.5,°F,0.6,°F,1/24/2021 2:52:08 PM
114,69.1,°F,68.6,°F,0.5,°F,1/24/2021 2:53:08 PM
115,69.1,°F,68.5,°F,0.6,°F,1/24/2021 2:54:08 PM
116,69.1,°F,68.6,°F,0.5,°F,1/24/2021 2:55:08 PM
117,69.1,°F,68.6,°F,0.5,°F,1/24/2021 2:56:08 PM
118,69.1,°F,68.5,°F,0.6,°F,1/24/2021 2:57:08 PM
119,69.1,°F,68.6,°F,0.5,°F,1/24/2021 2:58:08 PM
120,69.1,°F,68.7,°F,0.4,°F,1/24/2021 2:59:08 PM
121,69.1,°F,68.5,°F,0.6,°F,1/24/2021 3:00:08 PM
122,69.1,°F,68.5,°F,0.6,°F,1/24/2021 3:01:08 PM
123,69.1,°F,68.5,°F,0.6,°F,1/24/2021 3:02:08 PM
124,69.1,°F,68.5,°F,0.6,°F,1/24/2021 3:03:08 PM
125,69.1,°F,68.5,°F,0.6,°F,1/24/2021 3:04:08 PM
126,69.1,°F,68.6,°F,0.5,°F,1/24/2021 3:05:08 PM
127,69.1,°F,68.6,°F,0.5,°F,1/24/2021 3:06:08 PM
128,69.1,°F,68.5,°F,0.6,°F,1/24/2021 3:07:08 PM
129,69.1,°F,68.5,°F,0.6,°F,1/24/2021 3:08:08 PM
130,69.1,°F,68.5,°F,0.6,°F,1/24/2021 3:09:08 PM
131,69.1,°F,68.5,°F,0.6,°F,1/24/2021 3:10:08 PM
132,69.1,°F,68.6,°F,0.5,°F,1/24/2021 3:11:08 PM
133,69.1,°F,68.7,°F,0.4,°F,1/24/2021 3:12:08 PM
134,69.1,°F,68.7,°F,0.4,°F,1/24/2021 3:13:08 PM
135,69.1,°F,68.7,°F,0.4,°F,1/24/2021 3:14:08 PM
136,69.1,°F,68.7,°F,0.4,°F,1/24/2021 3:15:08 PM
137,69.1,°F,68.5,°F,0.6,°F,1/24/2021 3:16:08 PM
138,69.1,°F,68.5,°F,0.6,°F,1/24/2021 3:17:08 PM
139,69.1,°F,68.5,°F,0.6,°F,1/24/2021 3:18:08 PM
140,69.1,°F,68.4,°F,0.7,°F,1/24/2021 3:19:08 PM
141,69.1,°F,68.4,°F,0.7,°F,1/24/2021 3:20:08 PM
142,69.1,°F,68.5,°F,0.6,°F,1/24/2021 3:21:08 PM
143,69.1,°F,68.5,°F,0.6,°F,1/24/2021 3:22:08 PM
144,69,°F,68.5,°F,0.5,°F,1/24/2021 3:23:08 PM
145,69,°F,68.5,°F,0.5,°F,1/24/2021 3:24:08 PM
146,69,°F,68.5,°F,0.5,°F,1/24/2021 3:25:08 PM
147,69,°F,68.6,°F,0.4,°F,1/24/2021 3:26:08 PM
148,69,°F,68.6,°F,0.4,°F,1/24/2021 3:27:08 PM
149,69,°F,68.5,°F,0.5,°F,1/24/2021 3:28:08 PM
150,69,°F,68.3,°F,0.7,°F,1/24/2021 3:29:08 PM
151,69,°F,68.4,°F,0.6,°F,1/24/2021 3:30:08 PM
152,69,°F,68.4,°F,0.6,°F,1/24/2021 3:31:08 PM
153,69,°F,68.5,°F,0.5,°F,1/24/2021 3:32:08 PM
154,69,°F,68.7,°F,0.3,°F,1/24/2021 3:33:08 PM
155,69,°F,68.7,°F,0.3,°F,1/24/2021 3:34:08 PM
156,69,°F,68.5,°F,0.5,°F,1/24/2021 3:35:08 PM
157,69,°F,68.4,°F,0.6,°F,1/24/2021 3:36:08 PM
158,69,°F,68.5,°F,0.5,°F,1/24/2021 3:37:08 PM
159,69,°F,68.4,°F,0.6,°F,1/24/2021 3:38:08 PM
160,68.9,°F,68.5,°F,0.4,°F,1/24/2021 3:39:08 PM
161,68.9,°F,68.6,°F,0.3,°F,1/24/2021 3:40:08 PM
162,68.9,°F,68.5,°F,0.4,°F,1/24/2021 3:41:08 PM
163,68.9,°F,68.6,°F,0.3,°F,1/24/2021 3:42:08 PM
164,68.9,°F,68.6,°F,0.3,°F,1/24/2021 3:43:08 PM
165,68.9,°F,68.5,°F,0.4,°F,1/24/2021 3:44:08 PM
166,68.9,°F,68.5,°F,0.4,°F,1/24/2021 3:45:08 PM
167,68.9,°F,68.6,°F,0.3,°F,1/24/2021 3:46:08 PM
168,68.9,°F,68.5,°F,0.4,°F,1/24/2021 3:47:08 PM
169,68.9,°F,68.7,°F,0.2,°F,1/24/2021 3:48:08 PM
170,68.9,°F,68.7,°F,0.2,°F,1/24/2021 3:49:08 PM
171,68.9,°F,68.7,°F,0.2,°F,1/24/2021 3:50:08 PM
172,68.9,°F,68.6,°F,0.3,°F,1/24/2021 3:51:08 PM
173,68.9,°F,68.5,°F,0.4,°F,1/24/2021 3:52:08 PM
174,68.9,°F,68.6,°F,0.3,°F,1/24/2021 3:53:08 PM
175,69,°F,68.5,°F,0.5,°F,1/24/2021 3:54:08 PM
176,69,°F,68.5,°F,0.5,°F,1/24/2021 3:55:08 PM
177,69,°F,68.6,°F,0.4,°F,1/24/2021 3:56:08 PM
178,69,°F,68.5,°F,0.5,°F,1/24/2021 3:57:08 PM
179,69,°F,68.5,°F,0.5,°F,1/24/2021 3:58:08 PM
180,69,°F,68.6,°F,0.4,°F,1/24/2021 3:59:08 PM
181,69,°F,68.5,°F,0.5,°F,1/24/2021 4:00:08 PM
182,69,°F,68.5,°F,0.5,°F,1/24/2021 4:01:08 PM
183,69,°F,68.5,°F,0.5,°F,1/24/2021 4:02:08 PM
184,69,°F,68.6,°F,0.4,°F,1/24/2021 4:03:08 PM
185,69,°F,68.6,°F,0.4,°F,1/24/2021 4:04:08 PM
186,69,°F,68.5,°F,0.5,°F,1/24/2021 4:05:08 PM
187,69,°F,68.6,°F,0.4,°F,1/24/2021 4:06:08 PM
188,69,°F,68.5,°F,0.5,°F,1/24/2021 4:07:08 PM
189,69,°F,68.6,°F,0.4,°F,1/24/2021 4:08:08 PM
190,69,°F,68.6,°F,0.4,°F,1/24/2021 4:09:08 PM
191,69,°F,68.5,°F,0.5,°F,1/24/2021 4:10:08 PM
192,69,°F,68.5,°F,0.5,°F,1/24/2021 4:11:08 PM
193,69,°F,68.5,°F,0.5,°F,1/24/2021 4:12:08 PM
194,69,°F,68.5,°F,0.5,°F,1/24/2021 4:13:08 PM
195,69,°F,68.5,°F,0.5,°F,1/24/2021 4:14:08 PM
196,69,°F,68.7,°F,0.3,°F,1/24/2021 4:15:08 PM
197,69,°F,68.6,°F,0.4,°F,1/24/2021 4:16:08 PM
198,69,°F,68.7,°F,0.3,°F,1/24/2021 4:17:08 PM
199,69,°F,68.9,°F,0.1,°F,1/24/2021 4:18:08 PM
200,69,°F,68.9,°F,0.1,°F,1/24/2021 4:19:08 PM
201,69,°F,68.7,°F,0.3,°F,1/24/2021 4:20:08 PM
202,69,°F,68.7,°F,0.3,°F,1/24/2021 4:21:08 PM
203,69,°F,68.8,°F,0.2,°F,1/24/2021 4:22:08 PM
204,69,°F,68.9,°F,0.1,°F,1/24/2021 4:23:08 PM
205,68.9,°F,68.8,°F,0.1,°F,1/24/2021 4:24:08 PM
206,69,°F,68.8,°F,0.2,°F,1/24/2021 4:25:08 PM
207,69,°F,68.8,°F,0.2,°F,1/24/2021 4:26:08 PM
208,69,°F,68.9,°F,0.1,°F,1/24/2021 4:27:08 PM
209,69,°F,68.7,°F,0.3,°F,1/24/2021 4:28:08 PM
210,69,°F,68.6,°F,0.4,°F,1/24/2021 4:29:08 PM
211,69,°F,68.6,°F,0.4,°F,1/24/2021 4:30:08 PM
212,69,°F,68.7,°F,0.3,°F,1/24/2021 4:31:08 PM
213,69,°F,68.8,°F,0.2,°F,1/24/2021 4:32:08 PM
214,69,°F,68.7,°F,0.3,°F,1/24/2021 4:33:08 PM
215,69,°F,68.6,°F,0.4,°F,1/24/2021 4:34:08 PM
216,69,°F,68.6,°F,0.4,°F,1/24/2021 4:35:08 PM
217,69,°F,68.6,°F,0.4,°F,1/24/2021 4:36:08 PM
218,69,°F,68.6,°F,0.4,°F,1/24/2021 4:37:08 PM
219,69,°F,68.5,°F,0.5,°F,1/24/2021 4:38:08 PM
220,69,°F,68.5,°F,0.5,°F,1/24/2021 4:39:08 PM
221,69,°F,68.5,°F,0.5,°F,1/24/2021 4:40:08 PM
222,69,°F,68.5,°F,0.5,°F,1/24/2021 4:41:08 PM
223,69,°F,68.4,°F,0.6,°F,1/24/2021 4:42:08 PM
224,69,°F,68.4,°F,0.6,°F,1/24/2021 4:43:08 PM
225,69,°F,68.4,°F,0.6,°F,1/24/2021 4:44:08 PM
226,69,°F,68.3,°F,0.7,°F,1/24/2021 4:45:08 PM
227,68.9,°F,68.4,°F,0.5,°F,1/24/2021 4:46:08 PM
228,68.9,°F,68.4,°F,0.5,°F,1/24/2021 4:47:08 PM
229,68.9,°F,68.3,°F,0.6,°F,1/24/2021 4:48:08 PM
230,68.9,°F,68.4,°F,0.5,°F,1/24/2021 4:49:08 PM
231,68.9,°F,68.3,°F,0.6,°F,1/24/2021 4:50:08 PM
232,68.9,°F,68.3,°F,0.6,°F,1/24/2021 4:51:08 PM
233,68.9,°F,68.4,°F,0.5,°F,1/24/2021 4:52:08 PM
234,68.9,°F,68.3,°F,0.6,°F,1/24/2021 4:53:08 PM
235,68.9,°F,68.3,°F,0.6,°F,1/24/2021 4:54:08 PM
236,68.9,°F,68.3,°F,0.6,°F,1/24/2021 4:55:08 PM
237,68.9,°F,68.4,°F,0.5,°F,1/24/2021 4:56:08 PM
238,68.9,°F,68.3,°F,0.6,°F,1/24/2021 4:57:08 PM
239,68.9,°F,68.3,°F,0.6,°F,1/24/2021 4:58:08 PM
240,68.9,°F,68.3,°F,0.6,°F,1/24/2021 4:59:08 PM
241,68.9,°F,68.3,°F,0.6,°F,1/24/2021 5:00:08 PM
242,68.9,°F,68.3,°F,0.6,°F,1/24/2021 5:01:08 PM
243,68.9,°F,68.3,°F,0.6,°F,1/24/2021 5:02:08 PM
244,68.8,°F,68.3,°F,0.5,°F,1/24/2021 5:03:08 PM
245,68.8,°F,68.3,°F,0.5,°F,1/24/2021 5:04:08 PM
246,68.8,°F,68.3,°F,0.5,°F,1/24/2021 5:05:08 PM
247,68.8,°F,68.2,°F,0.6,°F,1/24/2021 5:06:08 PM
248,68.8,°F,68.3,°F,0.5,°F,1/24/2021 5:07:08 PM
249,68.8,°F,68.3,°F,0.5,°F,1/24/2021 5:08:08 PM
250,68.8,°F,68.3,°F,0.5,°F,1/24/2021 5:09:08 PM
251,68.8,°F,68.2,°F,0.6,°F,1/24/2021 5:10:08 PM
252,68.8,°F,68.2,°F,0.6,°F,1/24/2021 5:11:08 PM
253,68.8,°F,68.2,°F,0.6,°F,1/24/2021 5:12:08 PM
254,68.7,°F,68.3,°F,0.4,°F,1/24/2021 5:13:08 PM
255,68.8,°F,68.3,°F,0.5,°F,1/24/2021 5:14:08 PM
256,68.8,°F,68.3,°F,0.5,°F,1/24/2021 5:15:08 PM
257,68.7,°F,68.2,°F,0.5,°F,1/24/2021 5:16:08 PM
258,68.7,°F,68.3,°F,0.4,°F,1/24/2021 5:17:08 PM
259,68.7,°F,68.3,°F,0.4,°F,1/24/2021 5:18:08 PM
260,68.7,°F,68.2,°F,0.5,°F,1/24/2021 5:19:08 PM
261,68.7,°F,68.2,°F,0.5,°F,1/24/2021 5:20:08 PM
262,68.7,°F,68.2,°F,0.5,°F,1/24/2021 5:21:08 PM
263,68.7,°F,68.2,°F,0.5,°F,1/24/2021 5:22:08 PM
264,68.7,°F,68.3,°F,0.4,°F,1/24/2021 5:23:08 PM
265,68.7,°F,68.1,°F,0.6,°F,1/24/2021 5:24:08 PM
266,68.7,°F,68.4,°F,0.3,°F,1/24/2021 5:25:08 PM
267,68.7,°F,68.3,°F,0.4,°F,1/24/2021 5:26:08 PM
268,68.7,°F,68.2,°F,0.5,°F,1/24/2021 5:27:08 PM
269,68.7,°F,68.1,°F,0.6,°F,1/24/2021 5:28:08 PM
270,68.7,°F,68.2,°F,0.5,°F,1/24/2021 5:29:08 PM
271,68.7,°F,68.2,°F,0.5,°F,1/24/2021 5:30:08 PM
272,68.7,°F,68.1,°F,0.6,°F,1/24/2021 5:31:08 PM
273,68.7,°F,68.2,°F,0.5,°F,1/24/2021 5:32:08 PM
274,68.7,°F,68.1,°F,0.6,°F,1/24/2021 5:33:08 PM
275,68.7,°F,68.2,°F,0.5,°F,1/24/2021 5:34:08 PM
276,68.7,°F,68.2,°F,0.5,°F,1/24/2021 5:35:08 PM
277,68.7,°F,68.1,°F,0.6,°F,1/24/2021 5:36:08 PM
278,68.7,°F,68.2,°F,0.5,°F,1/24/2021 5:37:08 PM
279,68.7,°F,68.2,°F,0.5,°F,1/24/2021 5:38:08 PM
280,68.7,°F,68.2,°F,0.5,°F,1/24/2021 5:39:08 PM
281,68.7,°F,68.2,°F,0.5,°F,1/24/2021 5:40:08 PM
282,68.7,°F,68.3,°F,0.4,°F,1/24/2021 5:41:08 PM
283,68.7,°F,68.2,°F,0.5,°F,1/24/2021 5:42:08 PM
284,68.7,°F,68.1,°F,0.6,°F,1/24/2021 5:43:08 PM
285,68.7,°F,68.2,°F,0.5,°F,1/24/2021 5:44:08 PM
286,68.7,°F,68.2,°F,0.5,°F,1/24/2021 5:45:08 PM
287,68.7,°F,68.2,°F,0.5,°F,1/24/2021 5:46:08 PM
288,68.7,°F,68.1,°F,0.6,°F,1/24/2021 5:47:08 PM
289,68.7,°F,68.1,°F,0.6,°F,1/24/2021 5:48:08 PM
290,68.6,°F,68.2,°F,0.4,°F,1/24/2021 5:49:08 PM
291,68.7,°F,68.1,°F,0.6,°F,1/24/2021 5:50:08 PM
292,68.6,°F,68.2,°F,0.4,°F,1/24/2021 5:51:08 PM
293,68.6,°F,68.1,°F,0.5,°F,1/24/2021 5:52:08 PM
294,68.6,°F,68.2,°F,0.4,°F,1/24/2021 5:53:08 PM
295,68.6,°F,68.2,°F,0.4,°F,1/24/2021 5:54:08 PM
296,68.6,°F,68.1,°F,0.5,°F,1/24/2021 5:55:08 PM
297,68.6,°F,68.2,°F,0.4,°F,1/24/2021 5:56:08 PM
298,68.6,°F,68.1,°F,0.5,°F,1/24/2021 5:57:08 PM
299,68.6,°F,68.1,°F,0.5,°F,1/24/2021 5:58:08 PM
300,68.6,°F,68.1,°F,0.5,°F,1/24/2021 5:59:08 PM
301,68.6,°F,68.2,°F,0.4,°F,1/24/2021 6:00:08 PM
302,68.6,°F,68.1,°F,0.5,°F,1/24/2021 6:01:08 PM
303,68.6,°F,68.1,°F,0.5,°F,1/24/2021 6:02:08 PM
304,68.6,°F,68.1,°F,0.5,°F,1/24/2021 6:03:08 PM
305,68.6,°F,68.1,°F,0.5,°F,1/24/2021 6:04:08 PM
306,68.6,°F,68.1,°F,0.5,°F,1/24/2021 6:05:08 PM
307,68.6,°F,68,°F,0.6,°F,1/24/2021 6:06:08 PM
308,68.6,°F,68.1,°F,0.5,°F,1/24/2021 6:07:08 PM
309,68.5,°F,68.1,°F,0.4,°F,1/24/2021 6:08:08 PM
310,68.6,°F,68.1,°F,0.5,°F,1/24/2021 6:09:08 PM
311,68.5,°F,68.1,°F,0.4,°F,1/24/2021 6:10:08 PM
312,68.5,°F,68.1,°F,0.4,°F,1/24/2021 6:11:08 PM
313,68.5,°F,68.1,°F,0.4,°F,1/24/2021 6:12:08 PM
314,68.5,°F,68.1,°F,0.4,°F,1/24/2021 6:13:08 PM
315,68.5,°F,68.1,°F,0.4,°F,1/24/2021 6:14:08 PM
316,68.5,°F,68.1,°F,0.4,°F,1/24/2021 6:15:08 PM
317,68.5,°F,68.1,°F,0.4,°F,1/24/2021 6:16:08 PM
318,68.5,°F,68.1,°F,0.4,°F,1/24/2021 6:17:08 PM
319,68.5,°F,68,°F,0.5,°F,1/24/2021 6:18:08 PM
320,68.5,°F,68.1,°F,0.4,°F,1/24/2021 6:19:08 PM
321,68.5,°F,68.1,°F,0.4,°F,1/24/2021 6:20:08 PM
322,68.5,°F,68.1,°F,0.4,°F,1/24/2021 6:21:08 PM
323,68.5,°F,68.1,°F,0.4,°F,1/24/2021 6:22:08 PM
324,68.5,°F,68.1,°F,0.4,°F,1/24/2021 6:23:08 PM
325,68.5,°F,68.1,°F,0.4,°F,1/24/2021 6:24:08 PM
326,68.5,°F,68.1,°F,0.4,°F,1/24/2021 6:25:08 PM
327,68.5,°F,68.1,°F,0.4,°F,1/24/2021 6:26:08 PM
328,68.5,°F,68.1,°F,0.4,°F,1/24/2021 6:27:08 PM
329,68.5,°F,68,°F,0.5,°F,1/24/2021 6:28:08 PM
330,68.5,°F,68.1,°F,0.4,°F,1/24/2021 6:29:08 PM
331,68.5,°F,68.1,°F,0.4,°F,1/24/2021 6:30:08 PM
332,68.5,°F,68,°F,0.5,°F,1/24/2021 6:31:08 PM
333,68.5,°F,68.1,°F,0.4,°F,1/24/2021 6:32:08 PM
334,68.5,°F,68.1,°F,0.4,°F,1/24/2021 6:33:08 PM
335,68.5,°F,68.1,°F,0.4,°F,1/24/2021 6:34:08 PM
336,68.5,°F,68.1,°F,0.4,°F,1/24/2021 6:35:08 PM
337,68.5,°F,68.1,°F,0.4,°F,1/24/2021 6:36:08 PM
338,68.5,°F,68,°F,0.5,°F,1/24/2021 6:37:08 PM
339,68.5,°F,68,°F,0.5,°F,1/24/2021 6:38:08 PM
340,68.5,°F,68.1,°F,0.4,°F,1/24/2021 6:39:08 PM
341,68.5,°F,68,°F,0.5,°F,1/24/2021 6:40:08 PM
342,68.5,°F,68,°F,0.5,°F,1/24/2021 6:41:08 PM
343,68.5,°F,68,°F,0.5,°F,1/24/2021 6:42:08 PM
344,68.5,°F,68.1,°F,0.4,°F,1/24/2021 6:43:08 PM
345,68.5,°F,68,°F,0.5,°F,1/24/2021 6:44:08 PM
346,68.5,°F,68,°F,0.5,°F,1/24/2021 6:45:08 PM
347,68.5,°F,68.1,°F,0.4,°F,1/24/2021 6:46:08 PM
348,68.5,°F,68.1,°F,0.4,°F,1/24/2021 6:47:08 PM
349,68.5,°F,68,°F,0.5,°F,1/24/2021 6:48:08 PM
350,68.5,°F,68.1,°F,0.4,°F,1/24/2021 6:49:08 PM
351,68.5,°F,68.1,°F,0.4,°F,1/24/2021 6:50:08 PM
352,68.5,°F,68.3,°F,0.2,°F,1/24/2021 6:51:08 PM
353,68.5,°F,68.2,°F,0.3,°F,1/24/2021 6:52:08 PM
354,68.5,°F,68.1,°F,0.4,°F,1/24/2021 6:53:08 PM
355,68.5,°F,68.1,°F,0.4,°F,1/24/2021 6:54:08 PM
356,68.5,°F,68.1,°F,0.4,°F,1/24/2021 6:55:08 PM
357,68.5,°F,68.1,°F,0.4,°F,1/24/2021 6:56:08 PM
358,68.5,°F,68.1,°F,0.4,°F,1/24/2021 6:57:08 PM
359,68.5,°F,68.2,°F,0.3,°F,1/24/2021 6:58:08 PM
360,68.5,°F,68.1,°F,0.4,°F,1/24/2021 6:59:08 PM
361,68.5,°F,68.1,°F,0.4,°F,1/24/2021 7:00:08 PM
362,68.5,°F,68.1,°F,0.4,°F,1/24/2021 7:01:08 PM
363,68.5,°F,68.1,°F,0.4,°F,1/24/2021 7:02:08 PM
364,68.5,°F,68.2,°F,0.3,°F,1/24/2021 7:03:08 PM
365,68.5,°F,68.1,°F,0.4,°F,1/24/2021 7:04:08 PM
366,68.5,°F,68.1,°F,0.4,°F,1/24/2021 7:05:08 PM
367,68.5,°F,68.1,°F,0.4,°F,1/24/2021 7:06:08 PM
368,68.5,°F,68.1,°F,0.4,°F,1/24/2021 7:07:08 PM
369,68.5,°F,68.1,°F,0.4,°F,1/24/2021 7:08:08 PM
370,68.5,°F,68.2,°F,0.3,°F,1/24/2021 7:09:08 PM
371,68.5,°F,68.1,°F,0.4,°F,1/24/2021 7:10:08 PM
372,68.5,°F,68.1,°F,0.4,°F,1/24/2021 7:11:08 PM
373,68.5,°F,68.1,°F,0.4,°F,1/24/2021 7:12:08 PM
374,68.5,°F,68.1,°F,0.4,°F,1/24/2021 7:13:08 PM
375,68.5,°F,68.1,°F,0.4,°F,1/24/2021 7:14:08 PM
376,68.5,°F,68.1,°F,0.4,°F,1/24/2021 7:15:08 PM
377,68.5,°F,68.1,°F,0.4,°F,1/24/2021 7:16:08 PM
378,68.5,°F,68.1,°F,0.4,°F,1/24/2021 7:17:08 PM
379,68.5,°F,68.1,°F,0.4,°F,1/24/2021 7:18:08 PM
380,68.5,°F,68.1,°F,0.4,°F,1/24/2021 7:19:08 PM
381,68.5,°F,68.1,°F,0.4,°F,1/24/2021 7:20:08 PM
382,68.5,°F,68.1,°F,0.4,°F,1/24/2021 7:21:08 PM
383,68.5,°F,68.1,°F,0.4,°F,1/24/2021 7:22:08 PM
384,68.5,°F,68.2,°F,0.3,°F,1/24/2021 7:23:08 PM
385,68.5,°F,68.3,°F,0.2,°F,1/24/2021 7:24:08 PM
386,68.5,°F,68.1,°F,0.4,°F,1/24/2021 7:25:08 PM
387,68.5,°F,68,°F,0.5,°F,1/24/2021 7:26:08 PM
388,68.5,°F,68.1,°F,0.4,°F,1/24/2021 7:27:08 PM
389,68.5,°F,68.1,°F,0.4,°F,1/24/2021 7:28:08 PM
390,68.5,°F,68.1,°F,0.4,°F,1/24/2021 7:29:08 PM
391,68.5,°F,68,°F,0.5,°F,1/24/2021 7:30:08 PM
392,68.5,°F,68.1,°F,0.4,°F,1/24/2021 7:31:08 PM
393,68.5,°F,68.1,°F,0.4,°F,1/24/2021 7:32:08 PM
394,68.5,°F,68.1,°F,0.4,°F,1/24/2021 7:33:08 PM
395,68.5,°F,68.1,°F,0.4,°F,1/24/2021 7:34:08 PM
396,68.5,°F,68,°F,0.5,°F,1/24/2021 7:35:08 PM
397,68.5,°F,68.1,°F,0.4,°F,1/24/2021 7:36:08 PM
398,68.5,°F,68,°F,0.5,°F,1/24/2021 7:37:08 PM
399,68.5,°F,68.1,°F,0.4,°F,1/24/2021 7:38:08 PM
400,68.5,°F,68.1,°F,0.4,°F,1/24/2021 7:39:08 PM
401,68.5,°F,68.1,°F,0.4,°F,1/24/2021 7:40:08 PM
402,68.5,°F,68.1,°F,0.4,°F,1/24/2021 7:41:08 PM
403,68.5,°F,68.1,°F,0.4,°F,1/24/2021 7:42:08 PM
404,68.5,°F,68.1,°F,0.4,°F,1/24/2021 7:43:08 PM
405,68.5,°F,68.1,°F,0.4,°F,1/24/2021 7:44:08 PM
406,68.5,°F,68.1,°F,0.4,°F,1/24/2021 7:45:08 PM
407,68.5,°F,68.1,°F,0.4,°F,1/24/2021 7:46:08 PM
408,68.5,°F,68.1,°F,0.4,°F,1/24/2021 7:47:08 PM
409,68.5,°F,68.1,°F,0.4,°F,1/24/2021 7:48:08 PM
410,68.5,°F,68.1,°F,0.4,°F,1/24/2021 7:49:08 PM
411,68.5,°F,68.1,°F,0.4,°F,1/24/2021 7:50:08 PM
412,68.5,°F,68.1,°F,0.4,°F,1/24/2021 7:51:08 PM
413,68.5,°F,68.2,°F,0.3,°F,1/24/2021 7:52:08 PM
414,68.5,°F,68.1,°F,0.4,°F,1/24/2021 7:53:08 PM
415,68.5,°F,68.1,°F,0.4,°F,1/24/2021 7:54:08 PM
416,68.5,°F,68.1,°F,0.4,°F,1/24/2021 7:55:08 PM
417,68.5,°F,68.1,°F,0.4,°F,1/24/2021 7:56:08 PM
418,68.5,°F,68.1,°F,0.4,°F,1/24/2021 7:57:08 PM
419,68.5,°F,68.1,°F,0.4,°F,1/24/2021 7:58:08 PM
420,68.5,°F,68.1,°F,0.4,°F,1/24/2021 7:59:08 PM
421,68.5,°F,68.1,°F,0.4,°F,1/24/2021 8:00:08 PM
422,68.5,°F,68.1,°F,0.4,°F,1/24/2021 8:01:08 PM
423,68.5,°F,68.1,°F,0.4,°F,1/24/2021 8:02:08 PM
424,68.5,°F,68.1,°F,0.4,°F,1/24/2021 8:03:08 PM
425,68.5,°F,68.1,°F,0.4,°F,1/24/2021 8:04:08 PM
426,68.5,°F,68.2,°F,0.3,°F,1/24/2021 8:05:08 PM
427,68.5,°F,68.1,°F,0.4,°F,1/24/2021 8:06:08 PM
428,68.5,°F,68.1,°F,0.4,°F,1/24/2021 8:07:08 PM
429,68.5,°F,68.1,°F,0.4,°F,1/24/2021 8:08:08 PM
430,68.5,°F,68.1,°F,0.4,°F,1/24/2021 8:09:08 PM
431,68.5,°F,68.1,°F,0.4,°F,1/24/2021 8:10:08 PM
432,68.5,°F,68.2,°F,0.3,°F,1/24/2021 8:11:08 PM
433,68.5,°F,68.1,°F,0.4,°F,1/24/2021 8:12:08 PM
434,68.5,°F,68.1,°F,0.4,°F,1/24/2021 8:13:08 PM
435,68.5,°F,68.1,°F,0.4,°F,1/24/2021 8:14:08 PM
436,68.5,°F,68.1,°F,0.4,°F,1/24/2021 8:15:08 PM
437,68.5,°F,68.1,°F,0.4,°F,1/24/2021 8:16:08 PM
438,68.5,°F,68.1,°F,0.4,°F,1/24/2021 8:17:08 PM
439,68.5,°F,68.1,°F,0.4,°F,1/24/2021 8:18:08 PM
440,68.5,°F,68.1,°F,0.4,°F,1/24/2021 8:19:08 PM
441,68.5,°F,68.1,°F,0.4,°F,1/24/2021 8:20:08 PM
442,68.5,°F,68.1,°F,0.4,°F,1/24/2021 8:21:08 PM
443,68.5,°F,68.2,°F,0.3,°F,1/24/2021 8:22:08 PM
444,68.5,°F,68.1,°F,0.4,°F,1/24/2021 8:23:08 PM
445,68.5,°F,68.1,°F,0.4,°F,1/24/2021 8:24:08 PM
446,68.5,°F,68.1,°F,0.4,°F,1/24/2021 8:25:08 PM
447,68.5,°F,68.1,°F,0.4,°F,1/24/2021 8:26:08 PM
448,68.5,°F,68.1,°F,0.4,°F,1/24/2021 8:27:08 PM
449,68.5,°F,68.1,°F,0.4,°F,1/24/2021 8:28:08 PM
450,68.5,°F,68.1,°F,0.4,°F,1/24/2021 8:29:08 PM
451,68.5,°F,68,°F,0.5,°F,1/24/2021 8:30:08 PM
452,68.5,°F,68.1,°F,0.4,°F,1/24/2021 8:31:08 PM
453,68.5,°F,68.1,°F,0.4,°F,1/24/2021 8:32:08 PM
454,68.5,°F,68.1,°F,0.4,°F,1/24/2021 8:33:08 PM
455,68.5,°F,68.1,°F,0.4,°F,1/24/2021 8:34:08 PM
456,68.5,°F,68.1,°F,0.4,°F,1/24/2021 8:35:08 PM
457,68.5,°F,68.1,°F,0.4,°F,1/24/2021 8:36:08 PM
458,68.5,°F,68.2,°F,0.3,°F,1/24/2021 8:37:08 PM
459,68.5,°F,68.1,°F,0.4,°F,1/24/2021 8:38:08 PM
460,68.5,°F,68.1,°F,0.4,°F,1/24/2021 8:39:08 PM
461,68.5,°F,68.2,°F,0.3,°F,1/24/2021 8:40:08 PM
462,68.5,°F,68.1,°F,0.4,°F,1/24/2021 8:41:08 PM
463,68.5,°F,68.2,°F,0.3,°F,1/24/2021 8:42:08 PM
464,68.5,°F,68.1,°F,0.4,°F,1/24/2021 8:43:08 PM
465,68.5,°F,68.1,°F,0.4,°F,1/24/2021 8:44:08 PM
466,68.5,°F,68.2,°F,0.3,°F,1/24/2021 8:45:08 PM
467,68.5,°F,68.1,°F,0.4,°F,1/24/2021 8:46:08 PM
468,68.5,°F,68.1,°F,0.4,°F,1/24/2021 8:47:08 PM
469,68.5,°F,68.3,°F,0.2,°F,1/24/2021 8:48:08 PM
470,68.5,°F,68.2,°F,0.3,°F,1/24/2021 8:49:08 PM
471,68.6,°F,68.3,°F,0.3,°F,1/24/2021 8:50:08 PM
472,68.6,°F,68.3,°F,0.3,°F,1/24/2021 8:51:08 PM
473,68.6,°F,68.2,°F,0.4,°F,1/24/2021 8:52:08 PM
474,68.6,°F,68.2,°F,0.4,°F,1/24/2021 8:53:08 PM
475,68.6,°F,68.1,°F,0.5,°F,1/24/2021 8:54:08 PM
476,68.6,°F,68.1,°F,0.5,°F,1/24/2021 8:55:08 PM
477,68.6,°F,68.1,°F,0.5,°F,1/24/2021 8:56:08 PM
478,68.6,°F,68.1,°F,0.5,°F,1/24/2021 8:57:08 PM
479,68.6,°F,68.2,°F,0.4,°F,1/24/2021 8:58:08 PM
480,68.6,°F,68.1,°F,0.5,°F,1/24/2021 8:59:08 PM
481,68.6,°F,68.1,°F,0.5,°F,1/24/2021 9:00:08 PM
482,68.6,°F,68.1,°F,0.5,°F,1/24/2021 9:01:08 PM
483,68.6,°F,68.1,°F,0.5,°F,1/24/2021 9:02:08 PM
484,68.6,°F,68.2,°F,0.4,°F,1/24/2021 9:03:08 PM
485,68.6,°F,68.1,°F,0.5,°F,1/24/2021 9:04:08 PM
486,68.6,°F,68.1,°F,0.5,°F,1/24/2021 9:05:08 PM
487,68.5,°F,68.1,°F,0.4,°F,1/24/2021 9:06:08 PM
488,68.5,°F,68.1,°F,0.4,°F,1/24/2021 9:07:08 PM
489,68.5,°F,68.1,°F,0.4,°F,1/24/2021 9:08:08 PM
490,68.5,°F,68.1,°F,0.4,°F,1/24/2021 9:09:08 PM
491,68.6,°F,68.1,°F,0.5,°F,1/24/2021 9:10:08 PM
492,68.5,°F,68.3,°F,0.2,°F,1/24/2021 9:11:08 PM
493,68.5,°F,68.2,°F,0.3,°F,1/24/2021 9:12:08 PM
494,68.5,°F,68.1,°F,0.4,°F,1/24/2021 9:13:08 PM
495,68.5,°F,68.1,°F,0.4,°F,1/24/2021 9:14:08 PM
496,68.5,°F,68.1,°F,0.4,°F,1/24/2021 9:15:08 PM
497,68.5,°F,68.1,°F,0.4,°F,1/24/2021 9:16:08 PM
498,68.5,°F,68.1,°F,0.4,°F,1/24/2021 9:17:08 PM
499,68.5,°F,68.1,°F,0.4,°F,1/24/2021 9:18:08 PM
